,Boat Wireless Earbuds,Price
0,boAt Airdopes 131 - Wireless Earbuds,"₹ 1,099"
1,boAt Airdopes 141,"₹ 1,499"
2,boAt Airdopes 441 - Wireless Earbuds,"₹ 1,899"
3,boAt Airdopes 101 Made In India,"₹ 1,499"
4,boAt Airdopes 121 v2,"₹ 1,299"
5,TRebel Airdopes 131,"₹ 1,299"
6,boAt Airdopes 451v2,"₹ 1,999"
7,boAt Airdopes 381 - In Ear Wireless Earbuds,"₹ 1,499"
8,boAt Airdopes 175,"₹ 1,699"
9,TRebel Airdopes 141,"₹ 1,499"
10,TRebel Airdopes 381,"₹ 1,999"
11,boAt Airdopes 402 - Wireless Earbuds,"₹ 1,799"
12,TRebel Airdopes 441 Pro,"₹ 2,999"
13,boAt Airdopes 441 Pro - Bluetooth Wireless Earbuds,"₹ 2,099"
14,boAt Airdopes 115,"₹ 1,499"
15,boAt Airdopes 411 ANC,"₹ 1,999"
16,boAt Airdopes 500 ANC,"₹ 3,299"
17,boAt Airdopes 621,"₹ 2,499"
18,Trebel Airdopes 441 - Wireless Earbuds,"₹ 2,499"
19,boAt Airdopes 131 - Captain America Marvel Edition,"₹ 1,599"
20,boAt Airdopes 131 - Iron Man Marvel Edition,"₹ 1,599"
21,boAt Airdopes 501 ANC,"₹ 2,999"
22,boAt Airdopes 641,"₹ 2,299"
23,TRebel Airdopes 402,"₹ 1,999"
24,boAt Airdopes 391,"₹ 2,699"
25,boAt Airdopes 601 ANC,"₹ 3,999"
26,boAt Airdopes 491 - Wireless Earbuds,"₹ 2,999"
27,boAt Airdopes 171 - Earbuds,"₹ 1,399"
28,boAt Airdopes 181,"₹ 1,599"
29,boAt Airdopes 461 - Bluetooth Earbuds,"₹ 2,999"
30,boAt Airdopes 173 - Earbuds,"₹ 2,099"
31,boAt Airdopes 111,"₹ 1,349"
32,TRebel Airdopes 431,"₹ 1,999"
33,TRebel Airdopes 171,"₹ 1,799"
34,boAt Airdopes 701 ANC,"₹ 3,990"
35,boAt Airdopes 281 Pro,"₹ 2,499"
36,boAt Airdopes 452,"₹ 1,699"
37,boAt Airdopes 441 Made In India,"₹ 2,499"
38,boAt Airdopes 131 - Make in India,"₹ 1,099"
39,boAt Airdopes 131 - Black Panther Marvel Edition,"₹ 1,599"
40,boAt Airdopes 161,"₹ 1,299"
41,TRebel Airdopes 181,"₹ 1,599"
42,TRebel Airdopes 111,"₹ 1,499"
43,TRebel Airdopes 601 ANC,"₹ 3,999"
